<?xml version="1.0" encoding="UTF-8" standalone="yes"?>
<addon id="plugin.program.no-sleep" name="[COLORghostwhite][B]No-Sleep Wizard[/B][/COLOR]" version="2.1" provider-name="Walter_White_Media">
  <requires>
    <import addon="xbmc.python" version="2.1.0"/>
  </requires>
  <extension point="xbmc.python.pluginsource" library="default.py">
    <provides>executable</provides>
  </extension>
  <extension point="xbmc.service" library="startup.py" start="startup" />
  <extension point="xbmc.addon.metadata">
    <summary lang="en">[COLORghostwhite][B]No-Sleep Wizard[/B][/COLOR]</summary>
    <description lang="en">No-Sleep Wizard allows you to get access to the latest NoSleep Custom Builds and Add-ons. </description>
    <platform>all</platform>
  </extension>
</addon>