﻿<?xml version="1.0" encoding="utf-8" standalone="yes"?>
<addon id="repository.no-sleep" name="[COLOR ghostwhite]No-Sleep IPTV[/COLOR]" version="3.0" provider-name="Walter_White_Media">
  <requires>
    <import addon="xbmc.addon" version="12.0.0" />
  </requires>
  <extension point="xbmc.addon.repository" name="No-Sleep IPTV repository">
    <info compressed="false">https://raw.githubusercontent.com/nosleep2/repo/master/addons.xml</info>
    <checksum>https://raw.githubusercontent.com/nosleep2/repo/master/addons.xml.md5</checksum>
    <datadir zip="true">https://raw.githubusercontent.com/nosleep2/zips/master/addons/</datadir>
  </extension>
  <extension point="xbmc.addon.metadata">
    <summary>No-Sleep IPTV Repository!</summary>
    <description></description>
    <disclaimer></disclaimer>
    <platform>all</platform>
  </extension>
</addon>